1,Mathématiques,Cours de Mathématiques,2023-12-27 22:22:44.289916+01,2023-12-27 22:22:44.289916+01
2,Français,Cours de Français,2023-12-27 22:22:44.289916+01,2023-12-27 22:22:44.289916+01
3,Anglais,Cours Anglais,2023-12-27 22:22:44.289916+01,2023-12-27 22:22:44.289916+01
4,Histoire,Cours Histoire,2023-12-27 22:22:44.289916+01,2023-12-27 22:22:44.289916+01
9,Teste Nouveau Package2,,2023-12-29 15:53:49.753+01,2023-12-29 15:53:49.753+01
10,Teste Nouveau Package3,,2023-12-29 15:55:09.832+01,2023-12-29 15:55:09.832+01
11,Teste Nouveau Package4,,2023-12-29 16:13:09.329+01,2023-12-29 16:13:09.329+01
12,Teste Nouveau Package5,,2023-12-29 16:13:21.83+01,2023-12-29 16:13:21.83+01
13,Teste Nouveau Package5,Je teste des choses,2023-12-29 16:14:02.42+01,2023-12-29 16:14:02.42+01
14,azdazd,azdazd,2023-12-29 16:16:43.039+01,2023-12-29 16:16:43.039+01
15,aaaa,aaaa,2023-12-29 16:39:50.651+01,2023-12-29 16:39:50.651+01
16,azdazd,azdazd,2023-12-29 17:19:25.31+01,2023-12-29 17:19:25.31+01
17,azdaz,azdazd,2023-12-29 17:20:58.642+01,2023-12-29 17:20:58.642+01
18,test,test,2023-12-29 17:23:52.09+01,2023-12-29 17:23:52.09+01
19,azdazd,azdazdazdazd,2023-12-29 18:13:21+01,2023-12-29 18:13:21+01
20,aaaaaaaaaaaaaaaaaaaa,azdazdazd,2023-12-29 18:16:17.536+01,2023-12-29 18:16:17.536+01
21,JÃ©rÃ©my Beugnon,azeazeaze,2023-12-29 19:15:14.973+01,2023-12-29 19:15:14.973+01
22,Jérémy Beugnon2,2,2023-12-29 19:17:07.85+01,2023-12-29 19:17:07.85+01
23,Sprint 3,az,2023-12-29 19:39:03.144+01,2023-12-29 19:39:03.144+01
